-- phpMyAdmin SQL Dump
-- version 4.0.5
-- http://www.phpmyadmin.net
--
-- Host: localhost
-- Generation Time: Mar 13, 2014 at 02:53 PM
-- Server version: 5.5.35-0ubuntu0.13.10.2
-- PHP Version: 5.5.3-1ubuntu2.2

SET SQL_MODE = "NO_AUTO_VALUE_ON_ZERO";
SET time_zone = "+00:00";


/*!40101 SET @OLD_CHARACTER_SET_CLIENT=@@CHARACTER_SET_CLIENT */;
/*!40101 SET @OLD_CHARACTER_SET_RESULTS=@@CHARACTER_SET_RESULTS */;
/*!40101 SET @OLD_COLLATION_CONNECTION=@@COLLATION_CONNECTION */;
/*!40101 SET NAMES utf8 */;

--
-- Database: `mra`
--

-- --------------------------------------------------------

--
-- Table structure for table `author`
--

CREATE TABLE IF NOT EXISTS `author` (
  `id` int(11) NOT NULL AUTO_INCREMENT,
  `name` varchar(250) NOT NULL,
  `avatar` varchar(250) NOT NULL,
  PRIMARY KEY (`id`)
) ENGINE=InnoDB  DEFAULT CHARSET=utf8 AUTO_INCREMENT=13 ;

--
-- Dumping data for table `author`
--

INSERT INTO `author` (`id`, `name`, `avatar`) VALUES
(1, 'Гоша Берлинский', ''),
(2, 'Алекс Экслер', 'exler.jpg'),
(3, 'Роман Корнеев', ''),
(4, 'Нина Цыркун', ''),
(5, 'Марианна Симонова', ''),
(6, 'Кирилл Илюхин', ''),
(7, 'Екатерина Визгалова', ''),
(8, 'Евгений Кузьмин', ''),
(9, 'Андрей Зимоглядов', ''),
(10, 'Анатолий Ющенко', ''),
(11, 'Andrew', ''),
(12, 'Максим Медведев', '');

-- --------------------------------------------------------

--
-- Table structure for table `movie`
--

CREATE TABLE IF NOT EXISTS `movie` (
  `id` int(11) NOT NULL AUTO_INCREMENT,
  `name` varchar(250) NOT NULL,
  `name_native` varchar(250) NOT NULL,
  `poster` varchar(250) NOT NULL,
  `release_year` year(4) NOT NULL,
  `description` text NOT NULL,
  `alias` char(50) NOT NULL,
  PRIMARY KEY (`id`),
  UNIQUE KEY `url` (`alias`)
) ENGINE=InnoDB  DEFAULT CHARSET=utf8 AUTO_INCREMENT=4 ;

--
-- Dumping data for table `movie`
--

INSERT INTO `movie` (`id`, `name`, `name_native`, `poster`, `release_year`, `description`, `alias`) VALUES
(1, 'Одинокий рейнджер', 'The Lone Ranger', 'lone-ranger.jpg', 2013, 'История блюстителя закона Джона Рида, который с помощью индейца Тонто стал легендарным мстителем в маске, стоящим на защите справедливости. Тонто с юмором и небылицами повествует о тех приключениях, которые пришлось пережить двум непохожим друг на друга героям, сведенным судьбой для того, чтобы вместе сражаться против общего врага. Им приходится противостоять жадности и коррупции во времена, когда появление первых железных дорог изменило представление о власти и могуществе в мире.', 'lone_ranger'),
(2, 'Ранго', 'Rango', 'rango.jpg', 2011, 'Ранго - хамелеон, который живет в террариуме и считает себя героем, которому, к сожалению, никак не удается проявить свое бесстрашие. Но когда он внезапно оказывается в городке Грязь, у него появляется такая возможность. Ранго провозглашает себя борцом за справедливость и начинает вести себя как шериф на Диком Западе. Он еще не знает, что быть «хорошим парнем» в этих краях не самая завидная участь…', 'rango'),
(3, 'Капитан Филлипс', 'Captain Phillips', 'captain-phillips.jpg', 2013, 'Фильм основан на реальных событиях, произошедших в апреле 2009 года в открытом море недалеко от берегов Африки.\nКапитан грузового судна Ричард Филлипс сдается в плен группе сомалийских пиратов, чтобы защитить свой экипаж.', 'captain_phillips');

-- --------------------------------------------------------

--
-- Table structure for table `review`
--

CREATE TABLE IF NOT EXISTS `review` (
  `id` int(11) NOT NULL AUTO_INCREMENT,
  `author_id` int(11) NOT NULL,
  `movie_id` int(11) NOT NULL,
  `source_id` int(11) NOT NULL,
  `original_url` varchar(250) NOT NULL COMMENT 'url to original review',
  `original_date` date NOT NULL COMMENT 'publish date',
  `content` text NOT NULL,
  `visible` tinyint(1) NOT NULL DEFAULT '0',
  `date_add` int(11) NOT NULL DEFAULT '0',
  PRIMARY KEY (`id`)
) ENGINE=InnoDB  DEFAULT CHARSET=utf8 AUTO_INCREMENT=19 ;

--
-- Dumping data for table `review`
--

INSERT INTO `review` (`id`, `author_id`, `movie_id`, `source_id`, `original_url`, `original_date`, `content`, `visible`, `date_add`) VALUES
(5, 4, 1, 24, 'http://kinoart.ru/ru/blogs/angry-bird', '2013-07-08', '<p><img src="/upload/reviews/2014/02/22/lone_ranger/loneranger1_13930617854737.jpg"></p><p>О приключенческом вестерне Гора Вербински «Одинокий рейнджер», снятом по мотивам одноименного американского телесериала 1949 года, – Нина Цыркун.</p><p>Всадник на белом коне – дипломированный юрист и герой техасских прерий, воплощение одних только достоинств, амальгама Зорро и Робина Гуда, которого когда-то звали Джон Рейд, да только имя забылось, и все знают его как Одинокого рейнджера. Человек в маске, изъясняющийся на безукоризненном английском (американском), никогда не бравший в рот сигарету и не прикасавшийся к бутылке и по первому зову «со скоростью света» скачущий на своем белоснежном Силвере помогать тем, кому нужна его помощь. Словом, рыцарь без страха и упрека, простодушно раскрывающий этимологию образа ковбоя, восходящего к рыцарским романам, но уже давно переформатированного в утрированную фигуру национального героя.</p><p>В радиосериале об Одиноком рейнджере, впервые вышедшем в эфир в январе 1933 года, его появление на экране анонсировала увертюра Джоаккино Россини из оперы о метком стрелке «Вильгельм Телль», которая используется и в фильме Гора Вербински «Одинокий рейнджер». Здесь заглавного героя играет высоченный (1м 96см) Арми Хаммер; рыцарь в белой шляпе и черной полумаске, ловко сидящий на коне, и следующий за ним по увековеченной Джоном Фордом Долине монументов индеец Тонто (Джонни Депп) в боевой раскраске напоминают Дон Кихота и Санчо Пансу.</p><p>«Одинокий рейнджер»</p><p><img src="/upload/reviews/2014/02/22/lone_ranger/loneranger2_13930617855752.jpg"></p><p>Надо сразу сказать, что трикстер Тонто явно переигрывает героического партнера – неудивительно, ведь играть чистое совершенство безумно сложно, приходится обходиться без выигрышных примочек. Зато у Джонни Деппа все козыри на руках. Чучело ворона на голове сразу же призывает вспомнить, что перед нами переодетый Джек Воробей, освоивший непритязательный постмодернистский код ироничного поведения. Сценаристы Джастин Хейс, Тед Эллиот и Терри Руссио снабдили Тонто его фирменными репликами и подбавили новых, типа «Птица сердится», как и полагается модернизированному персонажу.</p><p>Как и в первых тридцати выпусках киносериала об Одиноком рейнджере, вышедших в 1938 году (оригинальных копий не сохранилось; эпизоды из клочков реставрировали в 2009 году), и в сериях конца 1940-х это было в основном кино без женщин. В фильме Вербински появилась любовная линия, но лишь едва намеченная и не имеющая перспективы продолжения: у Руфи Уилсон в роли Ребекки мало шансов появиться в сиквеле, который, судя по тому, что здесь дана лишь экспозиция истории, обязательно должен быть. Зато Хелена Бонэм-Картер, пышноволосая бандерша с расписной костяной ногой, опять же судя по тому, что возникает здесь чем-то вроде «бога из машины», такими шансами располагает. Феминисткам не в чем упрекнуть ни авторов сценария, ни режиссера. Упреки – еще до выхода картины на экраны – посыпались с другой стороны: неужто, мол, так мало в стране настоящих индейцев (или, как их принято политкорректно называть, коренных американцев), что роль Тонто надо было отдать Джону Деппу? А вот сами команчи (к племени которых принадлежит Тонто) что называется не глядя (то есть, до премьеры) официально и по всем правилам приняли Деппа в свою семью, почтя за честь. (Кстати, индейские корни у Деппа все-таки имеются). Так или иначе, трудно не догадаться, что назначая на роль «Пятницы» Одинокого рейнджера такую звезду, как Депп, создатели фильма в свою очередь имели в виду отдать честь индейцам, историческим хозяевам земли американской.</p><p>«Одинокий рейнджер»</p><p><img src="/upload/reviews/2014/02/22/lone_ranger/loneranger3_13930617856601.jpg"></p><p>Надо сказать, что сюжет фильма подан явно с оглядкой не только на американцев (им он в той или иной степени известен; не считая радио- и киносериалов, это уже пятый полнометражный фильм о приключениях Джона Рейда), сколько на мирового зрителя, который получил в картине своего представителя – мальчугана, пришедшего на передвижную выставку истории Дикого Запада. Там, рядом с муляжами бизона и гризли в отдельной витрине выставлен манекен «благородного дикаря в естественной среде обитания», оживающего, чтобы поведать юному зрителю в маске Одинокого рейнджера правдивую историю из эпохи индейских войн. И эта рассказанная «духом» Тонто история приобретает черты мистики, социального реализма (связанного со строительством железных дорог, соединивших страну в единое целое) и, конечно, экшена. Не знаю, задумывали ли авторы соперничать с последним бондовским фильмом, открывавшимся длинной сценой схватки на крыше мчащегося на всех парах поезда, но реально они в это соревнование вступили и выиграли его с большим отрывом. Причем в этом эпизоде поучаствовал не только самолично Арми Хаммер, но и самолично Руфь Уилсон, которая слетела с крыши локомотива прямо на спину мчащейся лошади. Так что не спрашивай, за что голливудским звездам платят такие гонорары; им платят за дело.</p><p>«Одинокий рейнджер»</p><p><img src="/upload/reviews/2014/02/22/lone_ranger/loneranger5_1393061785762.jpg"></p>', 1, 1393061785),
(6, 5, 2, 14, 'http://weburg.net/news/27998', '2011-03-18', '<p><img src="/upload/reviews/2014/02/22/rango/468723_13930907131776.jpg"></p><p>Гор Вербински, отправивший в плавание пиратов Карибского моря, но так и не опустивший батискаф с именем Bioshock, в своем творческом перерыве решил сделать анимационный мультфильм, пользуясь всеми доступными ему дорогими технологиями.</p><p>Трейлер</p><p>Герои нового мультфильма — один уродливей другого, начиная от самого Ранго — зеленой кривой ящерицы и заканчивая гадким беззубым кротом — отцом воровского клана, чей нос напоминает вялую морковку. Но, несмотря на явную несимпатичность персонажей, они обладают другими качествами, так необходимыми зрителю: харизмой и индивидуальностью. А еще мультфильм непредсказуем: в «Ранго» никогда не знаешь, какой номер выкинут следующим.</p><p>Итак, в американской пустыне есть тихий городок. Да, точно такой, каким вы привыкли его видеть в вестернах. Городок-то дикозападный, но не жители. Он населен всевозможными ободранного и страшного вида жабами, хорьками, котами, опоссумами, индюками, черепахами, мышами, ящерицами — на фантазию сценаристы не поскупились. В этом городе даже детишки суровые, как челябинские мужчины.</p><p>Туда и попадает наш маленький зеленый друг. Он оказывается не лишен: а) актерского таланта и б) везения. С такими данными карьера на новом месте у Ранго идет в гору, но и события набирают обороты.</p><p><img src="/upload/reviews/2014/02/22/rango/01(68)_1393090713764.jpg"></p><p>Оказывается, что зверье в здешних местах ценит вовсе не презренный металл, именуемый золотом. В банках вместо желтых слитков с гербами хранится… вода. За воду дерутся, воду берегут, воды отчаянно не хватает. Куда она исчезает — вот задачка, с которой справится настоящий герой. И, как у настоящего героя, у Ранго, безусловно, есть группа поддержки: ящерица Бабито и группировка местных оборванцев всех мастей. Они помогут ему во всех безумных начинаниях и пойдут за ним, как коммунисты за вождем мирового пролетариата к светлому будущему, разве что флагом не маша.</p><p>Плохие парни тоже весьма колоритные — не только бандитские рожи, но и так называемые деловые люди, делающие на своей колокольне все только с выгодой для себя. Как и в жизни, здесь не все бандиты оказываются бандитами, а самые бандитские бандиты тоже заслуживают уважения. Кстати, главного злодея — гремучего змея — в русской версии озвучивает Иван Охлобыстин… и весьма успешно.</p><p>Спасибо всем мультипликационным богам (или просто сознательности Nickelodeon Movies) — на этот раз обошлось без 3D. Вот уж действительно, настоящим звездочкам понт не нужен. Эффекты зачастую выпячивают, если не хватает мозгов на нормальный сюжет и юмор. В «Ранго» и с первым, и со вторым все тип-топ, впрочем, как и с музыкальным сопровождением. Удачно переделанная классика и группа веселых комбрендо-сов с банджо и не только — заслуга великого композитора Ханса Циммера.</p><p><img src="/upload/reviews/2014/02/22/rango/02(86)_13930907143148.jpg"></p><p>И надпись «От создателей «Пиратов Карибского моря» красуется не просто так: не один только Гор Вербински участвовал в проекте. Во-первых, технология захвата движения помогла перенести в мультфильм образы Джонни Деппа и Билла Найи, они же и подарили своим персонажам (Ранго и Гремучке Джейку) голоса в оригинальной озвучке. А во-вторых, в мультфильме есть ряд моментов, прямо или косвенно связанных с пиратской трилогией.</p><p>Вопреки всем плюсам, я все же заметила несколько недогляделок. Например, когда Ранго напутствует один мудрый персонаж, он говорит: «Иди через пустыню за своей тенью». Когда Ранго уходит, видно, что тень падает почему-то вправо, а во вторых, вы понимаете, что будет, если весь день идти за своей тенью… На этом вроде бы все в минусах этого замечательного мультфильма для всей семьи.</p><p>Итоговый вердикт: Похождения неадекватной с виду ящерки понравятся взрослым и детям — никаких штучек-пердючек, а нормальный добрый юмор и умный сюжет.</p><p>Марианна Симонова</p>', 1, 1393090714),
(7, 6, 1, 14, 'http://weburg.net/news/46615', '2013-07-05', '<p><img src="/upload/reviews/2014/02/22/lone_ranger/611010_13930913645664.jpg"></p><p>Неутомим дух приключений. Хочется вот так вот выйти на улицу, да найти приключений, да чтоб запомнились, да чтобы со злодеями, роковыми красавицами, благородством и доброй концовкой. Ну а если с этим на улице напряг, то поискать подобное стоит в кинотеатрах. Ведь не зря же из дома вышли.</p><p>Расписание фильма в киноафише</p><p>Режиссер Гор Вербински за последние десять лет съел на приключенческих фильмах пять собак и одного жирного кабана. Но, покинув воды Карибского моря, а потом потеряв подводный утопический город Восторг, Вербински вернулся на сушу. И видно до того ему понравилось делать вестерны (а «Ранго» это вестерн, как ни крути), что захотелось  сделать полноценный фильм о Диком Западе с живыми актерами и без ящериц.</p><p>Конечно, отказываться от своего любимца Джонни Деппа режиссер и не думал. Он идеально вписывался в его замысел — экранизацию культового радиошоу 30-х годов с одноименным названием. Тем более, ему не впервой играть слегка повернутого странного типа, да и с индейцами встречаться приходилось. Получился Джек Воробей Дикого Запада, так же презираемый цивилизацией за свой образ жизни, так же обладающий своеобразными манерами и поведением, ну а неработающий компас заменили на неработающие часы. Вот вам и готов главный персонаж фильма.</p><p></p><p><img src="/upload/reviews/2014/02/22/lone_ranger/2161073(3)_13930913651872.jpg"></p><p>Почему же тогда фильм называется «Одинокий рейнджер», а не «Мстящий индеец»? Дань уважения, сила бренда, и желание хоть как-то показать, что в фильме есть и другие герои, которые пытаются догнать выдающегося лицедея. Догнать они могут только при одном условии — если зрителю надоел Джек Воробей и его ужимки. Если не надоел, то новый герой Деппа пойдет на ура, а остальные будут вяло плестись позади.</p><p>А главных героев тут великое множество. Вот обычный прокурор Джон Рид (Арми Хаммер), отрицательно относящийся к любому огнестрельному оружию, везет опаснейшего рецидивиста и каннибала Бутча Кавендиша (Уильям Фихтнер) на поезде, чтобы предать его суду. Вместе с ним на поезде едет индеец Тонто (Джонни Депп), мечтающий отомстить Кавендишу за истребление своей деревни. Фильма бы не было, если бы Кавендиш не сбежал, а прокурор и индеец не объединились, чтобы его поймать. Но путь их трагичен, и в определенный момент Рид должен будет надеть маску и стать безымянным одиноким рейнджером с револьвером в руке. Только так он сможет добиться справедливости.</p><p>А добро всегда должно быть с кулаками и, как в данном случае, в маске. Без противостояния алчного, двуличного и крайне мерзкого на вид зла и смешного, позитивного и притягательного добра невозможно никакое приключение. Здесь это есть, и его много. Фильм длиной почти три часа, хоть и получился, на мой взгляд, слишком затянутым, но свое удовольствие я от него получил. По сути те же «Пираты Карибского моря», просто антураж другой, и вместо фрегатов здесь воссозданные локомотивы XIX века.</p><p></p><p><img src="/upload/reviews/2014/02/22/lone_ranger/2161073(2)_13930913660177.jpg"></p><p>И это тот случай, когда огромный бюджет не навредил, а только помог сделать вестерн большим, интересным, безумно смешным приключенческим фильмом. Пусть сюжет будет местами шибко предсказуем, а главный злодей проявит себя раньше, чем это станет интригой, пусть три часа отсидеть в кинотеатре будет, как всегда, тяжеловато, и пусть сцена после титров ничего не будет собой представлять (это было немного обидно). Все это пусть — фильм оттого не станет хуже. Быть может, в нем найдется много лишнего, но перед нами еще один шедевр Гора Вербински, который просто хотел, чтобы его фильм был монументален, как предыдущие. Проделанная работа внушает, и тут надо благодарить режиссера за весь этот титанический труд. Желательно купив билет в кинотеатр.</p><p>Кирилл Илюхин</p>', 1, 1393091366),
(8, 2, 2, 2, 'http://www.exler.ru/films/07-03-2012.htm', '2012-03-07', '<p>Совершенно обалденная помесь\r\n      Тима Бертона с Терри Гильямом.Восторженный отзыв кота Бублика</p><p>Только идиот может сказать, что\r\n      Вербински \r\n      без Брукхеймера - деньги на ветер.Утверждение кота Бублика</p><p>Ранго\r\n      (Джонни Депп) - маленький домашний\r\n      хамелеон. Точнее, он действительно\r\n      домашний хамелеон, но его пока еще не\r\n      зовут Ранго. Он едет в машине своих\r\n      хозяев куда-то в сторону Вегаса по\r\n      пустыне Мохаве, однако в какой-то момент\r\n      происходит дорожный инцидент, хамелеон\r\n      со своим аквариумом и любимыми\r\n      игрушками вылетает на обочину дороги,\r\n      после чего остается один в пустыне,\r\n      обреченный на быструю смерть под\r\n      палящим солнцем. </p><p><img src="/upload/reviews/2014/02/25/rango/1_13933318525587.jpg"></p><p>Однако хамелеон встречает на\r\n      шоссе перееханное колесом пустынное\r\n      животное (Альфред Молина), и тот ему\r\n      рассказывает о Духе Дикого Запада, о том,\r\n      что только на Той Стороне Дороги можно\r\n      найти что-то важное и просветлеть, в\r\n      результате чего Ранго пускается в почти\r\n      безнадежное путешествие по пустыне. </p><p>Там\r\n      он совершенно неожиданно обнаруживает\r\n      печальную девушку Бинс (Айла Фишер),\r\n      которая приводит его в захудалый\r\n      городок  под названием Грязь. \r\n      Жители городка единственной настоящей\r\n      ценностью считают питьевую воду,\r\n      которая тут появляется по средам, но ее\r\n      становится все меньше и меньше. </p><p><img src="/upload/reviews/2014/02/25/rango/kinopoisk.ru-Rango-1501312_13933318527737.jpg"></p><p>Многие\r\n      жители продают свои участки за бесценок\r\n      местному мэру-черепахе (Нед Битти) и\r\n      уезжают куда глаза глядят. Подобная\r\n      участь грозит и Бинс, но она намерена\r\n      бороться до конца за землю своего папаши,\r\n      хоть он и окончил свое существование не\r\n      лучшим образом. </p><p><img src="/upload/reviews/2014/02/25/rango/kinopoisk.ru-Rango-1501325_1393331852967.jpg"></p><p>Маленький\r\n      хамелеон - чужой на этом празднике обезвоживания.\r\n      Когда он в первый раз заходит в салун,\r\n      где выпивают прекрасные жители города,\r\n      кажется, что оттуда он уже не выйдет.\r\n      Однако хамелеон считает себя\r\n      превосходным актером - в доме хозяев он\r\n      постоянно разыгрывал какие-то\r\n      представления с куском куклы и заводной\r\n      рыбкой, - и сейчас хамелеон, назвавшись\r\n      Ранго, начинает разыгрывать из себя\r\n      героя с Дикого Запада - того самого,\r\n      господа, который одной пулей завалил\r\n      семерых бандитов. </p><p><img src="/upload/reviews/2014/02/25/rango/kinopoisk.ru-Rango-1510388_13933318531606.jpg"></p><p>Получается\r\n      так, что Ранго действительно сумел\r\n      показать себя героем перед жителями\r\n      города, после чего мэр, скрывая за\r\n      внешней приветливостью какие-то мерзкие\r\n      делишки, делает Ранго шерифом города\r\n      Грязь - мол, пусть геройствует и не\r\n      болтается под ногами. </p><p><img src="/upload/reviews/2014/02/25/rango/kinopoisk.ru-Rango-1510137_13933318533566.jpg"></p><p>Однако в городе окончательно\r\n      пропала вода, и Ранго всерьез собирается\r\n      заняться этой проблемой. Он еще не знает,\r\n      с какими силами ему придется\r\n      столкнуться. А жители города не знают,\r\n      что Ранго - никакой не герой, а всего лишь\r\n      домашний хамелеончик. </p><p>Режиссер\r\n      Гор Вербински снимал все время очень\r\n      разные фильмы. Но всегда как минимум\r\n      неплохие, а чаще - действительно хорошие.\r\n      "Мышиная охота", "Мексиканец",\r\n      "Звонок"\r\n      - жанры принципиально разные. А потом еще\r\n      пошли шикарные "Пираты\r\n      Карибского моря", которые, впрочем,\r\n      раз от раза становились все более и\r\n      более невнятные, но зато зарабатывали\r\n      все больше и больше денег. </p><p><img src="/upload/reviews/2014/02/25/rango/kinopoisk.ru-Rango-1546731_13933318535565.jpg"></p><p>И\r\n      вот, уйдя от продюсера Брукхеймера, с\r\n      которым они делали "Пиратов", на\r\n      вольные хлеба, Вербински совершенно\r\n      неожиданно для всех вдруг взялся за\r\n      анимацию - то есть вышел на поле, где еще\r\n      никогда раньше не играл. Причем ладно бы\r\n      Вербински просто пригласили в Dreamworks или\r\n      Pixar поставить какой-нибудь очередной их\r\n      анимационный шедевр - такое, в конце\r\n      концов, иногда бывает, хотя и крайне\r\n      редко. </p><p><img src="/upload/reviews/2014/02/25/rango/kinopoisk.ru-Rango-1510386_13933318537537.jpg"></p><p>Но в данном случае это была идея\r\n      Вербински, и для ее осуществления он\r\n      нашел деньги (привлек всесильную Paramount\r\n      Pictures), сам стал продюсером и запустил\r\n      производство с помощью студий Blind Wink Productions, 	GK Films\r\n      и \r\n 	Nickelodeon Movies. </p><p>Запрашиваемый\r\n      Вербински бюджет был сопоставим с\r\n      бюджетами крупнейших анимационных\r\n      студий - например, на четвертого\r\n      "Шрэка" потратили ненамногим\r\n      больше, - однако Гор сразу договорился с\r\n      Джонни Дэппом о том, что тот будет\r\n      озвучивать главного героя, и под эти два\r\n      имени голливудские крупняки дали деньги. </p><p><img src="/upload/reviews/2014/02/25/rango/kinopoisk.ru-Rango-1510138_13933318539498.jpg"></p><p>И\r\n      правильно сделали, скажем мы с котом\r\n      Бубликом, потому что Гору Вербински -\r\n      низкий наш поклон: он сделал настолько\r\n      классный и оригинальный проект, что\r\n      просто честь ему и хвала - давненько мы\r\n      не получали такого удовольствия!</p><p><img src="/upload/reviews/2014/02/25/rango/kinopoisk.ru-Rango-1510134_13933318541487.jpg"></p><p>Что собой представляет "Ранго"?\r\n      Это вовсе не детский мультфильм. Совсем\r\n      не детский, хотя дети, говорят, смотрят\r\n      не без удовольствия, но только смеются\r\n      не над взрослыми хохмами и гэгами,\r\n      которыми наполнен этот фильм, а над\r\n      чрезвычайно забавными персонажами\r\n      картины. </p><p>Вербински сделал нечто вроде\r\n      анимационной пародии на известнейшие\r\n      вестерны, но пародия у него получилась\r\n      изящная, тонкая, остроумная, к тому же\r\n      наполненная всевозможными двойными-тройными\r\n      слоями и смыслами. </p><p>Причем\r\n      начинается это все как какой-нибудь\r\n      скучноватый "Вольт"\r\n      - сугубо домашний рефлексирующий\r\n      хамелеончик из привычной среды обитания\r\n      неожиданно вылетает в зловещую пустыню,\r\n      где его ждут страшные приключения, и я\r\n      поначалу думал, что Вербински так и\r\n      пойдет этой проторенной дорожкой о том,\r\n      как хамелеончик встретит Настоящих\r\n      Друзей, справится с Опасностями и, в\r\n      конце концов, все-таки вернется в свой\r\n      родимый аквариум, однако, к моей радости,\r\n      выяснилось, что в пустыне нет одной\r\n      единой дорожки, а есть куча всевозможных\r\n      направлений, по которым Вербински и\r\n      поскакал, причем так лихо, что нам с\r\n      Бубликом только и оставалось что\r\n      глотать поднятую им пылищу, как на какой-нибудь\r\n      гонке "Минт", и аплодировать. </p><p><img src="/upload/reviews/2014/02/25/rango/kinopoisk.ru-Rango-1510384_13933318543433.jpg"></p><p>Городок\r\n      Грязь и населяющие его персонажи -\r\n      чистый Серджо Леоне. "За пригоршню\r\n      долларов", "Хороший, плохой, злой",\r\n      "Однажды на Диком Западе" - тут и\r\n      общий стиль, и даже фактическое\r\n      копирование определенных сцен. Местный\r\n      злодей-мэр, руководствующийся Бизнес-Интересами,\r\n      необходимость для местных жителей\r\n      продавать свою землю за бесценок,\r\n      подручные бандиты шерифа, грабители с\r\n      большой дороги, неистовые гонки по\r\n      пустыне непонятно куда и зачем,\r\n      сумасшедшая погоня за каретой,\r\n      появление Главного Убийцы - словом,\r\n      полный комплект. </p><p><img src="/upload/reviews/2014/02/25/rango/kinopoisk.ru-Rango-1501320_13933318545411.jpg"></p><p>Однако\r\n      здесь отсылки далеко не только к\r\n      вестернам. Во-первых, немало аллюзий с\r\n      фильмами, в которых играл Джонни Депп, -\r\n      те же "Пираты" (сюрреалистичный сон\r\n      Ранго частично повторяет сцену из самых\r\n      скучных, третьих\r\n      "Пиратов" плюс есть аллюзии с "Аризонской\r\n      мечтой"), конечно же, "Страх\r\n      и ненависть в Лас-Вегасе" (Депп,\r\n      изображая Ранго, слегка копирует Рауля\r\n      Дюка, а точнее, самого Хантера Томпсона,\r\n      также Вербински по просьбе Деппа\r\n      напрямую включил в начало картины\r\n      машину с Раулем Дюком и Доктором Гонзо,\r\n      едущим по Мохаве в Вегас), "Сонную\r\n      Лощину" (утонувший банкир), "Эд\r\n      Вуд" (вопрос Ранго о размере платья\r\n      Бинс), "Алиса\r\n      в стране чудес" (спящая мышка,\r\n      дружившая с Безумным Шляпником) - ну и\r\n      плюс отсылки к куче фильмов и без Деппа: "Властелин\r\n      колец", "Апокалипсис сегодня",\r\n      "Беспечный ездок", "Чайнатаун",\r\n      "Быстрый и\r\n      мертвый", "Безумный Макс 2", "Звездные\r\n      войны" и даже "Трансформеры".</p><p><img src="/upload/reviews/2014/02/25/rango/kinopoisk.ru-Rango-1450800_13933318547832.jpg"></p><p>Одновременно\r\n      это не смотрится только как пародия. Это\r\n      нечто вроде ироничной и временами\r\n      хулиганской стилизации, в которой\r\n      Вербински оттянулся вовсю. </p><p><img src="/upload/reviews/2014/02/25/rango/kinopoisk.ru-Rango-1372764_13933318550028.jpg"></p><p>Кстати, несмотря на явную\r\n      гротескность и причудливость\r\n      большинства персонажей Грязи, их\r\n      движения, жесты и мимика выглядят на\r\n      редкость достоверно. Оно и\r\n      неудивительно - Вербински сначала\r\n      снимал сцены с живыми актерами,\r\n      озвучивающими персонажей, а потом по ним\r\n      эти сцены рисовались. С помощью этого\r\n      метода он добился редкой для\r\n      анимационного фильма естественности в\r\n      озвучке.</p><p>Определенные герои настолько\r\n      классно соответствуют озвучивающим их\r\n      актерам, что просто диву даешься.\r\n      Например, черепаха-мэр - ну просто один в\r\n      один актер Нэд Битти, хотя там\r\n      изображена именно черепаха. </p><p>Впрочем,\r\n      мы уже заговорили о второстепенных\r\n      персонажах, не поговорив о главном -\r\n      Ранго в исполнении (озвучивании) Джонни\r\n      Деппа. Депп тут, как я уже говорил, с\r\n      одной стороны, использовал интонации\r\n      самого Хантера Томпсона, с которым он\r\n      очень дружил. Да и во внешности Ранго\r\n      видно определенное сходство с Томпсоном\r\n      - прежде всего здоровенные глаза,\r\n      которые имитируют знаменитые очки\r\n      Томпсона. С другой стороны, Ранго - вовсе\r\n      не доктор гонзо-журналистики. Он просто\r\n      домашний хамелеон, наделенный актерским\r\n      даром, и этот хамелеон играет в Героя - он\r\n      умеет мимикрировать. И тут Депп отлично\r\n      изобразил переход Ранго из Героя в\r\n      маленького убогого хамелеончика и обратно. </p><p><img src="/upload/reviews/2014/02/25/rango/kinopoisk.ru-Rango-1510385_13933318551987.jpg"></p><p>Ужасного\r\n      убийцу гремучую змею Джейка отлично\r\n      озвучил Билл Най, причем персонаж\r\n      получился действительно страшным до\r\n      дрожи в коленках. Срисован он с одного из главных актеров спагетти-вестернов Серджо Леоне - Ли Ван Клиффа. </p><p><img src="/upload/reviews/2014/02/25/rango/kinopoisk.ru-Rango-1490068_13933318554169.jpg"></p><p>Но там можно долго рассказывать\r\n      о персонажах, каждый из которых\r\n      невероятно колоритен и своеобразен (достаточно\r\n      вспомнить крышесносящего грабителя\r\n      Крота со своими сынишками), однако в этом\r\n      мало смысла - это нужно просто видеть!</p><p>Ну\r\n      и нельзя не отметить роскошных\r\n      мексиканских птичек-музыкантов,\r\n      сопровождающих своей печальной\r\n      балладой происходящее на экране. Они\r\n      совершенно замечательные - кстати,\r\n      именно Los Lobos их и озвучивали.</p><p><img src="/upload/reviews/2014/02/25/rango/kinopoisk.ru-Rango-1510135_13933318556156.jpg"></p><p>Стиль постановки "Ранго", с\r\n      одной стороны, слегка напоминает Тима\r\n      Бертона (причудливостью персонажей и\r\n      почти обязательным наличием Джонни\r\n      Деппа), с другой - Терри Гильяма с его\r\n      невероятной фантазией и юмором. Но\r\n      одновременно картина получилась\r\n      совершенно оригинальной, и никак нельзя\r\n      сказать, что здесь налицо какое-то\r\n      заимствование. Скорее просто сделано на\r\n      уровне Бертона и Гильяма - я бы так\r\n      сказал. </p><p>Саундтрек\r\n      у фильма также бесподобный. Над ним\r\n      трудился Ханс Циммер, работающий с\r\n      Вербински и Деппом в "Пиратах",\r\n      также здесь были использованы\r\n      композиции Jose\r\n      Hernandez, Anthony Zuniga, Robert Lopez и Los Lobos.    </p><p><img src="/upload/reviews/2014/02/25/rango/kinopoisk.ru-Rango-1490067_13933318558117.jpg"></p><p>С наградами у "Ранго" также\r\n      все в порядке. Один только "Оскар"\r\n      за "Лучший анимационный фильм" чего\r\n      стоит. Ну и заодно - еще 25 престижных\r\n      наград и 13 номинаций - все это, на мой\r\n      взгляд, совершенно заслуженно. </p><p>Отличный\r\n      фильм, просто отличный. Не пропустите. И\r\n      постарайтесь посмотреть на хорошем\r\n      экране - многие детали там можно\r\n      разглядывать бесконечно. Я "Ранго"\r\n      буду пересматривать неоднократно -\r\n      хочется рассмотреть все максимально\r\n      подробно.</p><p><img src="/upload/reviews/2014/02/25/rango/kinopoisk.ru-Rango-1501326_13933318560054.jpg"></p><p>В общем, просто класс, я даже и\r\n      не ожидал!</p><p>P. S. Иллюстрации были взяты с\r\n      сайта "Кинопоиск",\r\n      за что им большое спасибо.  </p><p>Дата публикации: 07.03.2012</p>', 1, 1393331856);
INSERT INTO `review` (`id`, `author_id`, `movie_id`, `source_id`, `original_url`, `original_date`, `content`, `visible`, `date_add`) VALUES
(9, 1, 2, 1, 'http://www.kinokadr.ru/articles/2011/03/20/rango.shtml', '2011-03-20', '<p><img src="/upload/reviews/2014/02/25/rango/0_1393333821607.jpg"></p><p>Чем дальше непутевый хамелеон в гавайке углубляется в свои гонзо-вестерновые страсти, тем больше ловишь себя на мысли, что Вербински вышел из тени. Выпав из брукхаймеровского гнезда, он долго находился на распутье, и трудно было понять, справится ли он своими силами. Тому же Бэю пришлось хвататься за юбку Спилберга. И вот, сбежав из производственного ада «Биошока» в совершенно противоположную степь, анимационную, выудив солидный бюджет, Гор с другом Джонни внезапненько завернул отъявленный постмодернизьм, с оммажами бесстыдных масштабов, подвинув всё, что связано с семейными мультфильмами, куда-то на задворки.</p><p>Подозрения, что ребятки будут шалить, конечно, появились сразу с трейлером — когда на короткий момент мелькнула Великая Красная Акула и панама Доктора Журналистики. Но мало ли, это ж трейлер, в кинотеатрах в итоге могла оказаться милая анимационка про зверушек, чем-то необычная, но в целом сплошной дримворкс.</p><p>Однако вышло иначе. У Вербински словно отказали тормоза, и он унёсся в материал с запредельным энтузиазмом, на хрестоматийной истории создав удивительное и долговечное кино, достойное культа и прочих благ. Безымянный герой угодил в изолированный городок, полный своих заговоров, легенд, злодеев и Большой Проблемы со стороны прогрессирующего человечества — знакомая тема. Но с какой увлечённостью, смелостью и буйством нюансов она раскрывается.  Вспоминаются те же пиксаровские «Тачки», но ей-богу, сравнение не в их пользу, рядом с «Ранго» они выглядят ещё более поверхностно и банально, на глазах превращаясь в какую-то «Миссию Дарвина».</p><p><img src="/upload/reviews/2014/02/25/rango/1_1393333821914.jpg"></p><p>При всей своей лютой ироничности и развлекательности, при всём нескончаемом потоке стёба и шуток «Ранго» ещё и неожиданно душевен и не без двойного и даже тройного дна. Стандартные повороты в нём обыграны с той долей искренности, фантазии и неординарности, которая повергнет (если уже не сделала) в длительный шок добрую половину евреев-продюсеров.</p><p>В каком-то смысле фильм просто уникален. Вербински дебоширит по полной. Играет с жанрами и стилями, не особо заботясь о какой-то там аудитории. Несмотря на крупный бюджет, шутит для тех, кто в теме, искрит цинизмом и не прочь выкинуть какой-нибудь фокус вроде танцующих по средам горожан. Да и по обезвоженной пустыне носятся отнюдь не прекрасные создания, не барби и розовые мишки. Большинство здешних героев — гротеск, карикатура или объект легкого издевательства, как птица со стрелой в одном глазу и наследственно-незаразным конъюнктивитом в другом. Здесь у каждого изъяны, но это не убавляет своеобразного очарования у того, что они говорят, у импровизированного театра и грозных лиц, когда «кони» мчатся… ну, куда-то вперёд.</p><p><img src="/upload/reviews/2014/02/25/rango/2_1393333822136.jpg"></p><p>Затянутый пролог с театром одного актёра оборачивается немногословным роуд-муви, а несколькими минутами позже — намеренно стереотипным вестерном с салунами, в свою очередь, быстро вырастающим в нерукотворный памятник Серджио Леоне и его безымянному герою. Фактически — монумент всем монументам, признание столь прямолинейное и мощное, что напрочь забываешь о прочих поздравительных открытках авторства тарантин, родригесов и джонни то.</p><p>При этом Вербински успевает в равной степени цитировать абзацами ещё и энное количество классики, включая себя любимого. Изображая сюрреалистичные сны и кульминационный момент, он спокойно, ничуть не стесняясь, порой буквально план в план повторяет, пожалуй, самый необычный эпизод из «Пиратов». В общем, развлекается как может.</p><p><img src="/upload/reviews/2014/02/25/rango/3_1393333822352.jpg"></p><p>Масштабная погоня по каньону под Вагнера? Да легко. Депп предложил камео Дьюка? Не вопрос. «Ранго» разберут на цитаты и запишут в эталоны — тут даже сомневаться не приходится. С развязанными руками, адаптируя в анимационном жанре не какой-то диснеевский аттракцион или восточные ужастики, а целый кинематограф, Вербински таки «перешёл на другую сторону». Туда, где Дух Дикого Запада и чёткое понимание, какой он режиссёр.</p><p>До встречи в кино.</p>', 1, 1393333822),
(10, 7, 2, 3, 'http://kino-teatr.ru/kino/art/pr/2049/', '2011-03-17', '<p>«Я могу быть кем угодно»</p><p>\r\nРанго, единственный в мире хамелеон-холерик, родился и вырос в неволе, в окружении пластиковых пальм и игрушечных друзей. Его главное достоинство (оно же лекарство от скуки) – шикарное воображение и артистизм. Ну да, ведь он хамелеон,  а значит,  умеет притворяться. Девиз Ранго «Я могу стать кем угодно» помогает ему в недобрый час, когда он оказывается на воле и попадает в захолустный городок Сушь на Диком Западе. Ранго быстро входит в доверие жителей, измученных крайним недостатком воды и сдуру становится их шерифом. Теперь ему ничего не остается делать, как соответствовать имиджу защитника убогих.</p><p>\r\n</p><p><img src="/upload/reviews/2014/02/25/rango/17448_13933348495081.jpg"></p><p>\r\n«-Мы должны его похоронить. –Не знаю, ведь птицам тоже надо есть»</p><p>\r\nФауна городка преобильна: мыши, совы, жабы, ящерицы, индюки, кроты, свиньи, суслики. Все они не просто говорящие зверюшки, а архетипы классических вестернов Джона Форда, Клинта Иствуда, Сэма Пекинпа и других классиков жанра: отчаянные бандиты, простодушные алкоголики, суровые леди. </p><p>\r\nПерсонажи чудо как хороши. Вербински и компания наверняка от души прикалывались, придумывая одноухого и вечно бухого зайца-доктора, невозмутимого ворона-индейца с одной ногой, мэра-черепаху в инвалидном кресле, крысу в чепце и с библией, паука-гробовщика. Каждый из них человечен и чертовски мил. А бремя рассказчиков берет на себя бродячий оркестр сычей-латиносов, исполняющих предание о великом герое, то есть о Ранго.</p><p>\r\n</p><p><img src="/upload/reviews/2014/02/25/rango/17447_13933348497587.jpg"></p><p>\r\n«Я оголю интимные места этой тайны и выставлю на обозрение»</p><p>\r\nУ городских жителей есть два внешних врага – ястреб с железным клювом и змей по имени Джейк. Но более страшен коварный внутренний враг.  В городе не хватает воды, жители хранят ее запас в местном банке, но находятся свидетели, которые утверждают, что некто сливает воду в пустыню.  С врагами шерифу Ранго придется бороться то сообща, то в одиночку.  Пережитые приключения помогут ему по законам Голливуда обрести себя, новых друзей, а также любовь.</p><p>\r\n</p><p><img src="/upload/reviews/2014/02/25/rango/17445_13933348499913.jpg"></p><p>\r\n«- Мы – известные театрофилы. – Театрофилы? У нас в штате за это сажают».</p><p>\r\nПо сути «Ранго» - типичный голливудский фильм для всей семьи: вестерн, американский юмор, музыка Ганса Циммера. Но самых маленьких лучше оставить дома (слишком эмоционально и местами довольно жестко). Детям постарше будет очень интересно, и на обильные взрослые шутки они просто не обратят внимания: откуда им знать, что впервые Ранго предстает в образе Хантера Томпсона (и чтобы не сомневались, почти сразу сталкивается нос к носу со своим двойником из «Страха и ненависти..», мчащимся на красной машине в сторону Лас-Вегаса). Также детский мозг опустит шутки про психоаналитиков, простатит, стриптиз, алкоголизм, религиозные аллюзии и политическую сатиру. </p><p>\r\nТо, что Гору Вербински удалось совместить анимацию и дух Дикого Запада (он даже появляется лично), сомнений не вызывает. Необыкновенный, невиданный доселе мир. Перевод и дубляж тоже на высоком уровне, хотя, жаль, что мы не можем слышать оригинальные голоса, в первую очередь Джонни Деппа. </p><p>\r\n«Ранго» в прокате с 17 марта.</p>', 1, 1393334850),
(13, 8, 1, 13, 'http://www.kino-govno.com/movies/loneranger/reviews/ekuzmin', '2013-07-06', '<p>Капитан Джек Воробей как-то говорил, что гениальность и безумие – две грани одной сущности. Это утверждение в полной мере относится и к Гору Вербински, который хоть и является выдающимся режиссёром, но при этом страдает определёнными проблемами с головой. За такими творцами нужен глаз да глаз и постоянный надзор прагматичного дядюшки. С ролью последнего всегда отлично справлялся Джерри Брукхаймер: достаточно вспомнить вторых и третьих «Пиратов», где сумасшествие постановщика сдерживалось оздоравливающими пиздюлями со стороны продюсера.</p><p></p><p>А вот в «Ранго» Вербински откровенно заигрался, начисто позабыв о том, что мультфильм будут смотреть ещё и зрители. Откровенный перебор с диалогами и побочными сюжетными линиями, избыток бесполезных сцен и какая-то нехорошая психоделичность происходящего – люди с нестандартным мышлением всегда заслуживают внимания, но от подробной демонстрации содержимого своей неспокойной головы Гору всё же следовало воздержаться.</p><p></p><p>Что касается «Одинокого рейнджера», то картина расположилась примерно посередине между «Ранго» и «Пиратами».</p><p></p><p>С одной стороны, всё ясно с коммерческой природой появления фильма – «Диснею» явно мало одного успешного приключенческого франчайза с эксцентричным Деппом. Так почему бы не замутить ещё один, а руля поставить проверенную команду? По большому счёту и получились самые настоящие «Пираты Дикого Запада» — непременно зрелищно, обязательно абсурдно, а ещё смешно. Поезда на месте фрегатов, бандиты заменили флибустьеров, бескрайние пустыни – морские пучины, а Джек Воробей уступил чуть более спокойному (но совершенно двинутому) индейцу Тонто.</p><p></p><p>И из-за этого ругать кино совсем не хочется; более того, даже становится несколько грустно, что к квадриквелу «Пиратов» приложил руку слишком правильный и, наверное, скучноватый Роб Маршалл. Некоторой сумбурности, что есть в «Рейнджере», нам как раз и не хватало: стремительной смены локаций, своеобразного юмора, нереалистичных сражений на самых неприспособленных поверхностях и общей вальяжности подачи.</p><p><img src="/upload/reviews/2014/03/13/lone_ranger/loneranger_2s_13946991811663.jpg"></p><p><img src="/upload/reviews/2014/03/13/lone_ranger/loneranger_6s_13946991812288.jpg"></p><p>Наконец, Вербински снял, пожалуй, свой самый смешной фильм (не вспоминайте про «Мышиную охоту»). Джонни Депп всегда остаётся Джонни Деппом; Арми Хаммер гораздо веселее и харизматичнее Орландо Блума; а ненавязчивая любовная линия не отягощает лишним грузом историю. Зато здесь есть хозяйка борделя с ружьём в ноге (привет, «Планета страха!»), почти летающий конь непонятного происхождения, а продолжительная финальная разборка происходит под задорную музыку, что ярко подчёркивает общий идиотизм и ироничность.</p><p></p><p>Но закрыть глаза на некоторую затянутость всё же не получается. Брукхаймеру уже не уследить за прогрессирующей шизофренией Вербински — примерно как в «Ранго», режиссёр местами слишком увлекается какими-то своими странностями, а причудливая форма в результате сильно превалирует над содержанием.</p><p></p><p>В ленте есть элементы мистики, которой уделено много времени, при этом, увы, всё потустороннее с грехом пополам вписывается в сам сценарий, а ряд вопросов остаётся без ответов. Никуда не делись непременные эпизоды с поеданием насекомых (у Гора это вообще какая-то излюбленная больная тема) и удалением некоторых частей человеческого тела. И, наконец, можно было бы смело выкинуть из фильма минут двадцать мудрёных диалогов и немых сцен – всё это сильно сбивает темп повествования и делает картину тяжеловеснее.</p><p></p><p>Впрочем, историю Одинокого Рейнджера рассказывает старый и выживший из ума индеец, поэтому все нестыковки, упрощения, странности и прочую специфику можно списать на помутнённое сознание рассказчика. Наверное, в дожившем до ста лет Тонто режиссёр видит самого себя. Он хоть и путается в показаниях, событиях и времени, немного непоследователен и вообще – сильно не в себе, но слушать его всё равно до безумия интересно.</p><p></p><p>Самому же Вербински хотелось бы пожелать правильных по формату проектов. Например, экранизацию про Дэдпула, психа с тремя личностями в голове и главного любителя покушаться на целостность четвёртой стены. Вот уж на такое кино мы бы точно посмотрели с превеликим любопытством.</p><p><img src="/upload/reviews/2014/03/13/lone_ranger/loneranger_8s_13946991813051.jpg"></p><p><img src="/upload/reviews/2014/03/13/lone_ranger/loneranger_9s_13946991813814.jpg"></p>', 1, 1394699181),
(14, 9, 2, 45, 'http://kino.open.ua/films/17946-rango/reviews-28104-rango.html', '2011-03-20', '<p>В результате ДТП домашний хамелеон оказывается в городке Грязюка, распластанном посреди дикой пустыни. Городок соответствует названию: обитающая в нем живность пьянствует, сквалыжничает и практически не моется. Вода в этих местах почитается за высшую ценность, физической и моральной антисанитарии потворствует мэр – похожая на Брюса Уиллиса черепаха, тайком монополизировавшая водопровод. </p><p>Хамелеон (у которого дома в аквариуме было что-то вроде драмкружка) представляется Ранго – бесстрашным стрелком с дальнего запада. И сразу получает звезду шерифа – вакансия свободна с тех пор, как предыдущий шериф (разумеется, покойный) попытался вернуть в Грязюку закон и порядок. </p><p>Не мне вам рассказывать, что для производства мультипликационных шлягеров существуют проверенные рецепты. И Гор Вербински придерживается давно опостылевших постмодернистских канонов. Вот цитаты из Полански и Джорджа Миллера. Вот непременные Коппола с Вагнером – в кантри-обработке. Вот Хантер С. Томпсон проносится мимо в точно такой же гавайской рубашке, как у озвученной Джонни Деппом ящерки.</p><p> </p><p><img src="/upload/reviews/2014/03/13/rango/recanzija-image-psd(16)(193)(2)_13947171294424.jpg"></p><p>По идее, все это должно бы провоцировать, если не страх и отвращение, то, как минимум изжогу. Но странным образом у Вербински работают самые заплесневелые клише, «Ранго», против ожиданий, бодрит, словно стакан чистой воды в жаркий день.</p><p>В смысле исполнения – это чудо, а чудеса едва ли подпадают под юрисдикцию рецензентов. Это невероятное, запредельное зрелище. На рубашке кувыркающегося в воздухе Ранго отчетливо виден каждый шов. Видны заглаженные утюгом складочки. Каждый пупырышек на коже рептилии ощущается едва ли не тактильно. И, вообще, все, что в кадре – куда более настоящее, чем настоящее – реальности ни за что не угнаться за этим фантастическим гиперреализмом. </p><p>Впрочем, зрелищными чудесами сегодня никого не удивишь – слишком многие владеют секретами цифровой алхимии. </p><p>Мультипликатор-Вербински выгодно отличается от, например, мультипликатора-Снайдера тем, что он не уповает на одну лишь детализацию совиных перышек. В «Ранго» - на удивление непротивный юмор, вполне захватывающая история и плотность экшна, вызывающая в памяти самые боевые из серий «Безумного Макса» или «Индианы Джонса». </p><p></p><p>Возможно, он уступает по части душевности «Как приручить дракона», он мог бы быть чуть-чуть короче, а Дух Запада в оригинальной версии для полного счастья мог бы озвучить сам Клинт, а не какой-то там Тимоти Олифант. Но придираться – даже по мелочам – на этот раз не хочется, хочется хлопать в ладоши, прыгать на одной ноге и пускать восторженные слюни.</p>', 1, 1394717129),
(15, 9, 1, 46, 'http://open.ua/kino/review/recenziya-na-film-odinokiy-reyndzher/', '2013-07-05', '<p>\r\n	</p><p><img src="/upload/reviews/2014/03/13/lone_ranger/Op-rainjer-RU_13947182881293.jpg"></p><p>\r\n	Вербински опять демонстрирует мускулы, Депп впервые за долгие годы убедителен в роли человеческого существа, но где-то на середине начинаешь зевать.</p><p>\r\n	8 из 10.</p><p>\r\n	Статный молодой прокурор Джон Рид возвращается в техасскую глухомань, из которой когда-то сбежал в город учить юриспруденцию. Джон Рид надеется, что со строительством железной дороги жизнь на его дикой родине станет на рельсы законности и порядка. Он презирает оружие и верит в человеческий разум. Команчу Тонто, с которым Рид познакомится в поезде, не сразу удастся убедить Рида, что револьвер в здешних местах — полезнее томика Джона Локка.</p><p>\r\n	Этот городишко тоже мог бы назваться Грязь: местные жители не часто моются и не отличаются излишней чистотой помыслов и поступков. Сходство с предыдущим фильмом Гора Вербински усиливается еще и тем, что герой понимает о том, как ведутся дела на диком западе не больше ящерки Рэнго — до мстителя в маске ему предстоит пройти долгий эволюционный путь.</p><p>\r\n	</p><p><img src="/upload/reviews/2014/03/13/lone_ranger/FD1(1)_13947182882838.jpg"></p><p>\r\n	«Одинокий рейнджер» начинается, как классический бадди-муви: экран делят люди, которые определенно не восторге от своего вынужденного партнерства. Рида настораживает, что Тонто постоянно советуется с конем и норовит покормить дохлую ворону, которую носит на голове. Тонто немного смущает, что Рид — такой болван. Впрочем, конфликт характеров быстро отходит на второй план: все-таки это не психологическая драма, а головокружительный «диснеевский» аттракцион.</p><p>\r\n	Вербински — один из крайне немногочисленных голливудских фильмейкеров, кому удается снимать блокбастеры с душой, умом, фантазией и юмором — опять демонстрирует мускулы. Экшн упруг. Диалоги остроумны. Постмодернистские цитаты (неизбежный атрибут современного вестерна) неназойливы и уместны. Депп прибрал мимику и жесты, и впервые за долгие годы убедителен в роли человеческого существа. Хелена Бонэм Картер снайперски точна в амплуа «костяная нога». Арми Хаммер — что-то среднее между Андреем Мироновым и овощным пюре, но, кажется, так и было задумано. Казалось бы, на этот раз счастье неотвратимо. Но где-то на середине, неожиданно для себя начинаешь зевать и поглядывать на часы — скорей бы домой.</p><p>\r\n	Может, все дело в том, что Вербински слишком старается соответствовать стандартам, заданным «Пиратами Карибского моря», и надежные лекала, по которым скроено это ладное зрелище, слишком заметны. А, может — в целевой аудитории. В «Пиратах» Вербински давал взрослым возможность почувствовать себя детьми, тут — скорее, разговаривает с семилетними, хотя и без особых скидок на возраст.</p><p>\r\n	Но, скорее, дело в пресыщенности — нас слишком часто и обильно кормят невероятными зрелищами. И вроде — грех жаловаться. Но даже записные плейбои, бывает, начинают тяготиться обществом типовых красавиц с безупречными экстерьерами. И вдруг замечают, что их все больше тянет к тем, кто умеет готовить или способен вести задушевную беседу, или, например, к дурнушкам со странностями. Что ж, потерпите — новый фон Триер не за горами.</p><p>\r\n	Оценка: 8/10.</p><p>\r\n	Напиши свою рецензию на новый фильм Гора Вербински в разделе Open Critics. Достойные рецензии читателей будут опубликованы на Open.ua.</p>', 1, 1394718288),
(16, 10, 3, 7, 'http://www.filmz.ru/pub/7/28173_1.htm', '2013-12-06', '<p><img src="/upload/reviews/2014/03/13/captain_phillips/b_28173_13947194791346.jpg"></p><p>Пол Гринграсс, запомнившийся зрителю как постановщик нескольких «Борнов», снял фильм, которому в этом году на полном серьезе прочат «Оскары». Ничем принципиально новым, ясное дело, британский кинорежиссер не отличился. Основанный на реальных событиях «Капитан Филлипс» вышел примерно тем же самым, что его «Потерянный рейс» — развернутой сводкой с CNN, снятой как адреналиновый триллер. События, которые автор дотошно реконструирует, имели место в начале апреля 2009 года, близ берегов Африки. Тогда несколько сомалийских пиратов захватили массивный контейнеровоз MV Maersk Alabama. Встретив отпор команды корабля, захватчики были вынуждены ретироваться и покинуть судно на аварийной шлюпке. Как все уже знают, в качестве заложника пираты прихватывают с собой немолодого капитана, что героически сдается в плен, дабы защитить свой экипаж. Первый час мы переживаем за Филлипса, который, рискуя собой, спасает жизни членов экипажа; второй — отдаем должное супер-профессиональной команде бравых американских военных, эффектно разруливающих эту не слишком приятную для большинства героев фильма ситуацию.</p><p>Безусловно, журналистские расследования, которыми бывший документалист Гринграсс занимался в 80-х, определили эстетику всех без исключения его художественных проектов. Равно как и предыдущие картины режиссера, этот реалистичен донельзя. Роли пиратов исполняют настоящие сомалийцы, худющие непрофессиональные актеры со злым взглядом, аутентичным говором и звериной, совершенно демонической пластикой. Сам фильм снят сумасшедшей камерой Барри Экройда, которая, кажется, в кои-то веки на сто процентов концептуально оправдана. Из кинотеатра выходишь с больной головой, подкошенными ногами и осознанием того, что один из самых раздражающих операторов нового Голливуда буквально рожден для съемок корабельных триллеров (на редкого зрителя во время просмотра «Капитана Филлипса» не накатят симптомы «морской болезни»). Что до «оскаровских» кондиций, то стоит признать, что картина действительно имеет все шансы. За фактурой типичного для Гринграсса триллера прячется любимый американскими академиками жанр — «житие святых». Пока пираты, наделенные повадками бешеных макак, скалят зубы, Том Хэнкс рисует исключительный портрет большого национального героя, хоть в музей вешай. О себе самом Филлипс почти не думает: сначала переживает за членов экипажа, потом за юного пирата, обрезавшего ногу битым стеклом, в конце концов, за жену и детей, которые могут остаться без кормильца. Думать, впрочем, Филлипсу и необязательно. К финалу с неба, словно ангелы-истребители, спускаются ребята из подразделения ВМС США. Глядя на этих суперменов из плоти и крови, сложно отделаться от мысли, что они в состоянии думать за всех: и за Филлипса, и за режиссера Гринграсса, и за нас с вами заодно.</p>', 1, 1394719479),
(17, 11, 1, 8, 'http://www.kinonews.ru/article_33334/', '2013-06-27', '<p><img src="/upload/reviews/2014/03/13/lone_ranger/artimg33334_13947203711272.jpg"></p><p>Фильм Гора Вербински "Одинокий рейнджер" уникален во всем. Например, в удивительно безвольных попытках не походить на одну известную трилогию режиссера и одновременно играть на ее поле. Или в безупречных в одном случае и чудовищных в ином спецэффектах. Но самое странное, что фильм, призванный быть летним блокбастером, вызывает не стандартный набор ощущений, вроде восторга или неприязни. А чувство неловкости.Вовсе не потому, что Джонни Депп в очередной раз сыграл Джека Воробья, не сумев избежать самокопирования ни в гримасах, ни в жестах. По поводу схожести образов уже сломано немало копий и, как это ни парадоксально, на фоне отсутствия иных сильных сторон излишняя "воробьевость" главного героя "Одинокого рейнджера" даже благо.И не потому, что проект является настоящей энциклопедией несмешных шуток. Они, конечно, не опускаются "ниже пояса", так как все-таки речь идет о картине Walt Disney с детским рейтингом. Но их качество заставляет усомниться в том, что фильм снимала та же самая компания и тот же постановщик, что и "Пиратов Карибского моря".И, естественно, не потому, что "кони так не скачут", "поезда так не ездят", "пули так не летают", и большинство законов природы игнорируются как живыми, так и не живыми объектами. Ведь все мы прекрасно понимаем, что в развлекательных картинах реалистичность происходящего на экране - далеко не самый важный элемент. В тех же "Пиратах" лихие трюки главных героев не менее фантастичны, хоть и более рациональны.Чувство неловкости возникает из-за нарочитого заигрывания с коренными жителями Северной Америки. Тонто в исполнении Джонни Деппа, который стараниями сценаристов превратился из "сайдкика" в главного героя, - это даже не пародия на индейца. Это совокупность всех нелепых представлений бледнолицых о краснокожих, собрание анекдотов на эту тему, использование которых не делает чести создателям картины.Львиная доля "смешных" моментов строится на подчеркивании недалекости и жадности белых покорителей Дикого Запада. При этом индейцы возводятся в ранг "соли земли" и наделяются некими сакральными знаниями и смыслом. Даже если допустить, что подобные оценки объективны, сделаны они в форме унижающей аборигенов куда больше, чем их покорителей.Более того, некоторые эпизоды "Одинокого рейнджера", призванные, по задумке авторов, проиллюстрировать всю трагедию индейского народа, своей нарочитой драматичностью вызывают не сочувствие, а раздражение. И потому, что они разрывают и без того не очень стройный сюжет картины, и потому, что являются неуклюжей попыткой соединить несколько жанров, и потому, что не служат оправданием мотиваций ни одного из персонажей.Все это в совокупности и порождает чувство вины, весьма странное для бледнолицего зрителя, не имеющего никакого отношения к угнетению краснокожих, и грустное для фильма, призванного развлекать.А ведь как было бы хорошо, если бы создатели "Одинокого рейнджера" не пытались превратить Деппа в индейца, а придумали бы какую-то изящную историю, объясняющую его похожесть на краснокожего. Скажем, можно было сделать его героя белым американцем, у которого есть причины прикидываться индейцем. Право, такое толкование образа Тонто было бы смешнее и не столь резало глаз и слух.В остальном же фильм является типичным представителем современных проектов, в которых желание показать "самый большой взрыв" превалирует над стремлением отточить сценарий. Не вдаваясь в детали, скажу лишь, что начало картины, ее фабула и финал, требуют разъяснения, которое не удается получить за все два с половиной часа просмотра.Известно, что бюджет проекта неоднократно сокращался, и эта финансовая лихорадка явно сказалась не только на сценарии, но и на спецэффектах. Если ко всевозможным трюкам с паровозами претензий нет никаких, то столь плохо нарисованных животных не попадалось давненько.Что касается актерских работ, то самой интересной из них является роль Тома Уилкинсона, и только его герой заслуживает сочувствия и понимания. Присутствие в кадре Хелены Бонем Картер ничем, кроме дружбы Джонни Деппа и Тима Бертона, объяснить нельзя. Изуродованный до неузнаваемости Уильям Фихтнер и сверкающий в 19-м веке белозубой улыбкой 21-го века Арми Хаммер хоть и сделали все возможное в рамках невнятного сценария, но не смогли себя проявить в полной мере. Прекрасны почти все второстепенные персонажи, но во многом благодаря удачной работе гримеров.Фильм "Одинокий рейнджер", несомненно, найдет своего зрителя, для которого все вышеперечисленные недостатки не будут иметь никакого значения. Но те, для кого участие Джонни Деппа не заставляет закрыть глаза на все огрехи, те, кто рассчитывают увидеть нечто действительно оригинальное и запоминающееся не обилием спецэффектов, а  занимательной историей, будут разочарованы и испытают то же самое чувство неловкости.Неловкости от осознания того, что этот фильм снял создатель прекрасной трилогии "Пираты Карибского моря".P.S. Самый смешной, но и самый необъяснимый элемент фильма - это кролики. Если у кого-то возникнут после просмотра разумные версии на их счет, просьба поделиться.Автор: Andrew</p>', 1, 1394720371);
INSERT INTO `review` (`id`, `author_id`, `movie_id`, `source_id`, `original_url`, `original_date`, `content`, `visible`, `date_add`) VALUES
(18, 12, 1, 9, 'http://critic.by/vestern/the-lone-ranger/', '2013-07-04', '<p><img src="/upload/reviews/2014/03/13/lone_ranger/the-lone-ranger_13947216501655.jpg"></p><p><img src="/upload/reviews/2014/03/13/lone_ranger/critic_13947216513303.by"></p><p>Джон Рид с помощью индейца Тонто становится легендарным мстителем в маске, стоящем на защите справедливости и закона. Уже старый Тонто повествует о делах минувших дней, когда ему и молодому парню пришлось пережить немало приключений.</p><p>Как нам известно, Вербински является тем самым человеком, который подарил миру три части «Пиратов Карибского моря» и мультфильм «Ранго». Об этих фильмах уже было достаточно сказано на страницах Кинокритика, а Гор решил взяться за новый проект.</p><p>Глядя на трейлеры перед выходом фильма, фанаты могли спросить, неужели это новые пираты, только в главной роли уже индейцы? Но предыстория рейнджера и индейца оказалась куда более круто закрученной. И даже несмотря на то, что над сценарием трудились двое сценаристов известной франшизы, фильм удалось сделать особенным.</p><p>Создавая новый мир при настолько большом бюджете, Вербински не поскупился построить в натуральную величину город, палаточный городок, железную дорогу, несколько поездов. Даже шахту на рудниках выстраивали над настоящей шахтой, сохранившейся с XIX века.</p><p>Понятен восторг зрителей в кинотеатрах, все сцены в фильме выглядят натурально, поскольку всё, что было можно, снято вживую. Паровозы настоящие, все сцены погонь и драк на них на самом деле снимали на ходу. Даже сцена с летящим на рейнджера и индейца паровозом была настоящей.</p><p>Дифирамбы создателям можно петь не только за спецэффекты. Трюки и костюмы тоже получились реалистичными. Единственный за весь фильм ляп — бегущее стадо бизонов, которые были явно нарисованы на компьютере.</p><p>Главный вопрос любого кинокритика и зрителя: Джони Депп опять сыграл Джека Воробья, неужели он не может показать чего-то нового? Да ничего подобного! Если Воробей был пиратом с кучей странностей и постоянными ужимками, то персонаж индейца у Деппа получился совсем непохожим. Обратите внимание, что за весь фильм его герой практически не пользуется мимикой. При этом он остается очень забавным. А про престарелого Деппа и говорить не приходится, вот уж где актёр преображается с каждым новым своим появлением. Считаете, что Депп не умеет никого, кроме пирата, играть? Вот вам фильм с прямым доказательством, что это не так.</p><p>- Зачем тебе маска?</p><p>Арми Хаммер произвел двоякое впечатление. Да, роль ему досталась непростая, а рядом с таким колоритным напарником сложно не остаться в тени. Актёр постепенно раскрывает характер своего персонажа. Блюститель закона с развитием событий начинает понимать, какой большой прибор положили на закон в этих краях. Пусть в цивилизованном обществе маска не нужна, но здесь, на Диком Западе, где бандиты у власти, по-другому уже не восстановить порядок.</p><p>Хочу отдельно отметить Уильяма Фихтнера. Злодей у него получился просто отличный, а в гриме актёра так просто и не узнать.</p><p>Хелену Бонем Картер и Джони Деппа непривычно видеть рядом, когда в режиссерском кресле сидит не Бертон. Актриса справилась со своей задачей блестяще. Одноногая красавица, владелица публичного дома. Ружье, встроенное в протез, мы видели уже много где, ну и что в этом такого плохого, особенно с учётом того, что в фильме оно смотрелось эффектно?</p><p>Несмотря на провал в кинопрокате, фильм получился на самом деле классным. Много юмора,  погонь, перестрелок и самое главное — это Дикий Запад. Вспомните, сколько хороших вестернов вышло за последнее время? Ни одного. А уж Депп не даст зрителю скучать ни в коем случае.</p>', 1, 1394721651);

-- --------------------------------------------------------

--
-- Table structure for table `review_queue`
--

CREATE TABLE IF NOT EXISTS `review_queue` (
  `review_id` int(11) NOT NULL,
  `status` int(11) NOT NULL DEFAULT '0',
  `status_text` varchar(250) NOT NULL,
  `date_add` int(11) NOT NULL DEFAULT '0',
  `date_start` int(11) NOT NULL DEFAULT '0',
  PRIMARY KEY (`review_id`)
) ENGINE=InnoDB DEFAULT CHARSET=utf8;

--
-- Dumping data for table `review_queue`
--

INSERT INTO `review_queue` (`review_id`, `status`, `status_text`, `date_add`, `date_start`) VALUES
(18, 1, '', 0, 1394721991);

-- --------------------------------------------------------

--
-- Table structure for table `source`
--

CREATE TABLE IF NOT EXISTS `source` (
  `id` int(11) NOT NULL AUTO_INCREMENT,
  `name` varchar(250) NOT NULL,
  `url` varchar(250) NOT NULL,
  PRIMARY KEY (`id`)
) ENGINE=InnoDB  DEFAULT CHARSET=utf8 AUTO_INCREMENT=47 ;

--
-- Dumping data for table `source`
--

INSERT INTO `source` (`id`, `name`, `url`) VALUES
(1, 'Кинокадр', 'http://www.kinokadr.ru'),
(2, 'Exler.ru', 'http://exler.ru'),
(3, 'Кино-Театр.ru', 'http://kino-teatr.ru'),
(4, 'Goblin EnterTorMent', 'http://kino.oper.ru'),
(5, 'Кинотом', 'http://kinotom.com'),
(6, 'TramVision', 'http://www.tramvision.ru'),
(7, 'Filmz.ru', 'http://www.filmz.ru'),
(8, 'Новости Кино', 'http://www.kinonews.ru/'),
(9, 'КиноКритик', 'http://critic.by'),
(10, 'Фильм.ру', 'http://www.film.ru'),
(11, 'КиноДом', 'http://kinodom.org'),
(12, 'Киноафиша Санкт-Петербурга', 'http://www.kinoafisha.info'),
(13, 'Kino-Govno', 'http://www.kino-govno.com'),
(14, 'Weburg', 'http://weburg.net'),
(15, '25-й кадр', 'http://25-k.com'),
(16, 'Котонавты', 'http://meownauts.com'),
(17, 'Uralweb.ru', 'http://www.uralweb.ru'),
(18, 'Ведомости', 'http://www.vedomosti.ru'),
(19, 'Кино.Муви.ру', 'http://kino.myvi.ru'),
(20, 'NewsLab', 'http://newslab.ru'),
(21, 'Ovideo.ru', 'http://www.ovideo.ru'),
(22, 'Газета.ru', 'http://www.gazeta.ru'),
(23, 'The Hollywood Reporter', 'http://www.thr.ru'),
(24, 'Искусство кино', 'http://kinoart.ru'),
(25, 'Российская газета', 'http://www.rg.ru'),
(26, 'Relax.by', 'http://mag.relax.by'),
(27, 'Киномания', 'http://www.kinomania.ru'),
(28, 'Lenta.ru', 'http://lenta.ru'),
(29, 'Time Out', 'http://www.timeout.ru'),
(30, 'сiбдепо', 'http://sibdepo.ru/'),
(31, 'VashDosug', 'http://www.vashdosug.ru'),
(32, 'Art1', 'http://art1.ru'),
(33, 'Нгс.Релакс', 'http://relax.ngs.ru'),
(34, 'GQ', 'http://www.gq.ru'),
(35, 'Огонёк', 'http://www.kommersant.ru'),
(36, 'РИА Новости', 'http://weekend.ria.ru'),
(37, 'Афиша Воздух', 'http://vozduh.afisha.ru'),
(38, 'Сеанс', 'http://seance.ru'),
(39, 'Ruskino.ru', 'http://ruskino.ru'),
(40, 'Фонтанка', 'http://www.fontanka.ru'),
(41, 'Итоги', 'http://www.itogi.ru'),
(42, 'КоммерсантЪ', 'http://www.kommersant.ru'),
(43, 'Правда.ру', 'http://www.pravda.ru'),
(44, 'Известия', 'http://izvestia.ru'),
(45, 'kino.open.ua', 'http://kino.open.ua'),
(46, 'open.ua', 'http://open.ua');

/*!40101 SET CHARACTER_SET_CLIENT=@OLD_CHARACTER_SET_CLIENT */;
/*!40101 SET CHARACTER_SET_RESULTS=@OLD_CHARACTER_SET_RESULTS */;
/*!40101 SET COLLATION_CONNECTION=@OLD_COLLATION_CONNECTION */;
